,Order ID,Customer Age,Bike Value,Existing Customer?,Date,Store,Bike,Quarter,Day of Month
10,11.0,57.0,902.0,No,2021-10-04,Birmingham,Road,4,4
11,12.0,31.0,946.0,Yes,2021-01-17,Leeds,Road,1,17
12,13.0,17.0,1296.0,Yes,2021-10-25,Birmingham,Road,4,25
13,14.0,59.0,1166.0,Yes,2021-07-18,Manchester,Road,3,18
14,15.0,24.0,1781.0,No,2021-10-10,Manchester,Moutain,4,10
15,16.0,59.0,1074.0,No,2021-10-06,York,Moutain,4,6
16,17.0,57.0,1188.0,No,2021-09-14,York,Moutain,3,14
17,18.0,56.0,544.0,No,2021-11-23,York,Moutain,4,23
18,19.0,34.0,579.0,Yes,2021-11-24,York,Gravel,4,24
19,20.0,17.0,1021.0,Yes,2021-06-24,York,Gravel,2,24
20,21.0,36.0,786.0,Yes,2021-06-09,London,Road,2,9
21,22.0,51.0,1596.0,No,2021-03-02,London,Road,1,2
22,23.0,24.0,745.0,No,2021-03-20,London,Road,1,20
23,24.0,50.0,1937.0,No,2021-06-13,London,Road,2,13
24,25.0,35.0,1958.0,No,2021-08-05,Leeds,Moutain,3,5
25,26.0,34.0,659.0,Yes,2021-11-21,Birmingham,Moutain,4,21
26,27.0,56.0,1403.0,Yes,2021-04-07,Leeds,Moutain,2,7
27,28.0,28.0,1347.0,Yes,2021-02-12,Birmingham,Moutain,1,12
28,29.0,24.0,1755.0,No,2021-02-07,Manchester,Gravel,1,7
29,30.0,54.0,1190.0,No,2021-02-03,Manchester,Gravel,1,3
30,31.0,50.0,1643.0,No,2021-08-17,York,Road,3,17
31,32.0,22.0,934.0,No,2021-01-29,York,Road,1,29
32,33.0,30.0,968.0,Yes,2021-10-13,York,Road,4,13
33,34.0,37.0,881.0,Yes,2021-09-21,York,Road,3,21
34,35.0,52.0,1413.0,Yes,2021-11-02,York,Moutain,4,2
35,36.0,59.0,1906.0,No,2021-04-30,London,Moutain,2,30
36,37.0,53.0,1889.0,No,2021-04-05,London,Moutain,2,5
37,38.0,56.0,1426.0,No,2021-08-20,London,Moutain,3,20
38,39.0,50.0,1116.0,No,2021-08-01,London,Gravel,3,1
39,40.0,15.0,1353.0,Yes,2021-05-08,Leeds,Gravel,2,8
40,41.0,28.0,768.0,Yes,2021-04-18,Birmingham,Road,2,18
41,42.0,56.0,1737.0,Yes,2021-03-07,Leeds,Road,1,7
42,43.0,47.0,826.0,No,2021-04-16,Birmingham,Road,2,16
43,44.0,28.0,1824.0,No,2021-07-01,Manchester,Road,3,1
44,45.0,18.0,1706.0,No,2021-01-18,Manchester,Moutain,1,18
45,46.0,38.0,1411.0,No,2021-03-30,York,Moutain,1,30
46,47.0,37.0,415.0,Yes,2021-05-13,York,Moutain,2,13
47,48.0,56.0,1894.0,Yes,2021-11-03,York,Moutain,4,3
48,49.0,15.0,653.0,Yes,2021-02-16,York,Gravel,1,16
49,50.0,56.0,1666.0,No,2021-06-30,York,Gravel,2,30
50,51.0,53.0,714.0,No,2021-06-01,London,Road,2,1
51,52.0,16.0,1557.0,No,2021-03-31,London,Road,1,31
52,53.0,21.0,653.0,No,2021-01-25,London,Road,1,25
53,54.0,42.0,936.0,Yes,2021-07-21,London,Road,3,21
54,55.0,22.0,1401.0,Yes,2021-08-21,Leeds,Moutain,3,21
55,56.0,18.0,638.0,Yes,2021-04-25,York,Moutain,2,25
56,57.0,25.0,1406.0,No,2021-04-25,York,Moutain,2,25
57,58.0,30.0,1948.0,No,2021-06-27,York,Moutain,2,27
58,59.0,28.0,1327.0,No,2021-04-17,York,Gravel,2,17
59,60.0,17.0,831.0,No,2021-11-09,York,Gravel,4,9
60,61.0,17.0,1081.0,Yes,2021-10-19,London,Road,4,19
61,62.0,73.0,1074.0,Yes,2021-10-17,London,Road,4,17
62,63.0,57.0,993.0,Yes,2021-01-10,London,Road,1,10
63,64.0,54.0,1569.0,No,2021-08-20,London,Road,3,20
64,65.0,26.0,683.0,No,2021-02-14,Leeds,Moutain,1,14
65,66.0,40.0,1579.0,No,2021-07-11,Birmingham,Moutain,3,11
66,67.0,22.0,871.0,No,2021-06-30,Leeds,Moutain,2,30
67,68.0,54.0,1136.0,Yes,2021-08-29,Birmingham,Moutain,3,29
68,69.0,21.0,1659.0,Yes,2021-09-16,Manchester,Gravel,3,16
69,70.0,24.0,1545.0,Yes,2021-02-22,Manchester,Gravel,1,22
70,71.0,60.0,887.0,No,2021-03-03,York,Road,1,3
71,72.0,32.0,433.0,No,2021-01-24,York,Road,1,24
72,73.0,37.0,675.0,No,2021-10-10,York,Road,4,10
73,74.0,39.0,516.0,No,2021-04-01,York,Road,2,1
74,75.0,23.0,1960.0,Yes,2021-08-30,York,Moutain,3,30
75,76.0,15.0,780.0,Yes,2021-04-14,London,Moutain,2,14
76,77.0,16.0,1858.0,Yes,2021-07-09,London,Moutain,3,9
77,78.0,20.0,429.0,No,2021-03-19,London,Moutain,1,19
78,79.0,47.0,1319.0,No,2021-07-26,London,Gravel,3,26
79,80.0,37.0,1988.0,No,2021-03-01,Leeds,Gravel,1,1
80,81.0,40.0,1605.0,No,2021-11-13,Birmingham,Road,4,13
81,82.0,52.0,870.0,Yes,2021-03-01,Leeds,Road,1,1
82,83.0,28.0,894.0,Yes,2021-06-24,Birmingham,Road,2,24
83,84.0,20.0,895.0,Yes,2021-08-26,Manchester,Road,3,26
84,85.0,60.0,681.0,No,2021-06-29,Manchester,Moutain,2,29
85,86.0,21.0,1841.0,No,2021-04-13,York,Moutain,2,13
86,87.0,57.0,487.0,No,2021-11-11,York,Moutain,4,11
87,88.0,44.0,574.0,No,2021-11-25,York,Moutain,4,25
88,89.0,56.0,1093.0,Yes,2021-12-01,York,Gravel,4,1
89,90.0,27.0,453.0,Yes,2021-04-17,York,Gravel,2,17
90,91.0,50.0,629.0,Yes,2021-08-27,London,Road,3,27
91,92.0,51.0,808.0,No,2021-03-15,London,Road,1,15
92,93.0,54.0,1661.0,No,2021-02-06,London,Road,1,6
93,94.0,31.0,1957.0,No,2021-07-17,London,Road,3,17
94,95.0,39.0,437.0,No,2021-08-08,Leeds,Moutain,3,8
95,96.0,31.0,1667.0,Yes,2021-09-08,Birmingham,Moutain,3,8
96,97.0,60.0,1779.0,Yes,2021-07-21,Leeds,Moutain,3,21
97,98.0,50.0,1892.0,Yes,2021-04-25,Birmingham,Moutain,2,25
98,99.0,58.0,1772.0,No,2021-05-21,Manchester,Gravel,2,21
99,100.0,25.0,1155.0,No,2021-02-23,Manchester,Gravel,1,23
100,101.0,35.0,896.0,No,2021-07-29,York,Road,3,29
101,102.0,24.0,602.0,No,2021-10-26,York,Road,4,26
102,103.0,22.0,993.0,Yes,2021-09-24,York,Road,3,24
103,104.0,18.0,1973.0,Yes,2021-05-04,York,Road,2,4
104,105.0,39.0,789.0,Yes,2021-02-19,York,Moutain,1,19
105,106.0,28.0,1283.0,No,2021-04-06,London,Moutain,2,6
106,107.0,43.0,1246.0,No,2021-10-18,London,Moutain,4,18
107,108.0,44.0,1163.0,No,2021-04-11,London,Moutain,2,11
108,109.0,29.0,564.0,No,2021-02-08,London,Gravel,1,8
109,110.0,18.0,792.0,Yes,2021-02-19,Leeds,Gravel,1,19
110,111.0,45.0,1749.0,Yes,2021-11-24,York,Road,4,24
111,112.0,47.0,883.0,Yes,2021-11-08,York,Road,4,8
112,113.0,40.0,1877.0,No,2021-07-04,York,Road,3,4
113,114.0,17.0,420.0,No,2021-07-08,York,Road,3,8
114,115.0,47.0,1018.0,No,2021-09-17,York,Moutain,3,17
115,116.0,27.0,480.0,No,2021-09-12,London,Moutain,3,12
116,117.0,26.0,678.0,Yes,2021-03-25,London,Moutain,1,25
117,118.0,30.0,1830.0,Yes,2021-09-06,London,Moutain,3,6
118,119.0,39.0,1722.0,Yes,2021-07-09,London,Gravel,3,9
119,120.0,39.0,891.0,No,2021-05-31,Leeds,Gravel,2,31
120,121.0,46.0,1404.0,No,2021-06-28,Birmingham,Road,2,28
121,122.0,44.0,1767.0,No,2021-05-25,Leeds,Road,2,25
122,123.0,54.0,470.0,No,2021-09-15,Birmingham,Road,3,15
123,124.0,37.0,1572.0,Yes,2021-03-07,Manchester,Road,1,7
124,125.0,20.0,1898.0,Yes,2021-02-10,Manchester,Moutain,1,10
125,126.0,18.0,1158.0,Yes,2021-03-16,York,Moutain,1,16
126,127.0,37.0,654.0,No,2021-10-21,York,Moutain,4,21
127,128.0,41.0,955.0,No,2021-04-07,York,Moutain,2,7
128,129.0,39.0,1786.0,No,2021-06-02,York,Gravel,2,2
129,130.0,26.0,1387.0,No,2021-08-28,York,Gravel,3,28
130,131.0,58.0,432.0,Yes,2021-06-08,London,Road,2,8
131,132.0,58.0,658.0,Yes,2021-10-22,London,Road,4,22
132,133.0,40.0,1006.0,Yes,2021-01-20,London,Road,1,20
133,134.0,49.0,971.0,No,2021-01-12,London,Road,1,12
134,135.0,60.0,1175.0,No,2021-06-16,Leeds,Moutain,2,16
135,136.0,59.0,1224.0,No,2021-01-22,Birmingham,Moutain,1,22
136,137.0,57.0,1994.0,No,2021-06-30,Leeds,Moutain,2,30
137,138.0,44.0,1434.0,Yes,2021-03-23,Birmingham,Moutain,1,23
138,139.0,41.0,472.0,Yes,2021-07-14,Manchester,Gravel,3,14
139,140.0,27.0,1625.0,Yes,2021-07-07,Manchester,Gravel,3,7
140,141.0,48.0,638.0,No,2021-06-29,York,Road,2,29
141,142.0,35.0,1183.0,No,2021-11-17,York,Road,4,17
142,143.0,30.0,1415.0,No,2021-04-23,York,Road,2,23
143,144.0,36.0,718.0,No,2021-08-19,York,Road,3,19
144,145.0,59.0,1108.0,Yes,2021-01-26,York,Moutain,1,26
145,146.0,25.0,1399.0,Yes,2021-10-01,London,Moutain,4,1
146,147.0,21.0,1442.0,Yes,2021-09-26,London,Moutain,3,26
147,148.0,40.0,874.0,No,2021-05-29,London,Moutain,2,29
148,149.0,36.0,461.0,No,2021-04-28,London,Gravel,2,28
149,150.0,34.0,1947.0,No,2021-08-16,Leeds,Gravel,3,16
150,151.0,40.0,1283.0,No,2021-03-05,Birmingham,Road,1,5
151,152.0,57.0,1567.0,Yes,2021-04-18,Leeds,Road,2,18
152,153.0,49.0,1333.0,Yes,2021-12-08,Birmingham,Road,4,8
153,154.0,31.0,905.0,Yes,2021-11-02,Manchester,Road,4,2
154,155.0,28.0,1277.0,No,2021-06-03,Manchester,Moutain,2,3
155,156.0,36.0,1548.0,No,2021-09-09,York,Moutain,3,9
156,157.0,18.0,1020.0,No,2021-01-16,York,Moutain,1,16
157,158.0,59.0,534.0,No,2021-02-21,York,Moutain,1,21
158,159.0,29.0,795.0,Yes,2021-02-03,York,Gravel,1,3
159,160.0,27.0,1400.0,Yes,2021-07-04,York,Gravel,3,4
160,161.0,54.0,1663.0,Yes,2021-01-28,London,Road,1,28
161,162.0,17.0,471.0,No,2021-01-24,London,Road,1,24
162,163.0,32.0,857.0,No,2021-09-18,London,Road,3,18
163,164.0,17.0,1889.0,No,2021-10-04,London,Road,4,4
164,165.0,52.0,1830.0,No,2021-03-25,Leeds,Moutain,1,25
165,166.0,15.0,975.0,Yes,2021-05-01,York,Moutain,2,1
166,167.0,39.0,861.0,Yes,2021-06-01,York,Moutain,2,1
167,168.0,41.0,1898.0,Yes,2021-07-06,York,Moutain,3,6
168,169.0,15.0,611.0,No,2021-03-20,York,Gravel,1,20
169,170.0,36.0,1021.0,No,2021-07-30,York,Gravel,3,30
170,171.0,37.0,1520.0,No,2021-02-02,London,Road,1,2
171,172.0,22.0,1778.0,No,2021-11-26,London,Road,4,26
172,173.0,59.0,933.0,Yes,2021-05-16,London,Road,2,16
173,174.0,57.0,443.0,Yes,2021-05-16,London,Road,2,16
174,175.0,37.0,923.0,Yes,2021-03-12,Leeds,Moutain,1,12
175,176.0,48.0,696.0,No,2021-10-18,Birmingham,Moutain,4,18
176,177.0,41.0,789.0,No,2021-04-30,Leeds,Moutain,2,30
177,178.0,47.0,1352.0,No,2021-06-28,Birmingham,Moutain,2,28
178,179.0,30.0,1426.0,No,2021-07-22,Manchester,Gravel,3,22
179,180.0,36.0,1011.0,Yes,2021-04-12,Manchester,Gravel,2,12
180,181.0,44.0,1506.0,Yes,2021-03-27,York,Road,1,27
181,182.0,31.0,1205.0,Yes,2021-10-28,York,Road,4,28
182,183.0,36.0,660.0,No,2021-11-13,York,Road,4,13
183,184.0,38.0,1052.0,No,2021-07-09,York,Road,3,9
184,185.0,50.0,1742.0,No,2021-10-28,York,Moutain,4,28
185,186.0,47.0,765.0,No,2021-06-10,London,Moutain,2,10
186,187.0,29.0,1195.0,Yes,2021-10-02,London,Moutain,4,2
187,188.0,31.0,1343.0,Yes,2021-08-24,London,Moutain,3,24
188,189.0,42.0,725.0,Yes,2021-06-21,London,Gravel,2,21
189,190.0,44.0,928.0,No,2021-01-25,Leeds,Gravel,1,25
190,191.0,28.0,1736.0,No,2021-03-08,Birmingham,Road,1,8
191,192.0,26.0,1653.0,No,2021-04-26,Leeds,Road,2,26
192,193.0,34.0,1045.0,No,2021-01-26,Birmingham,Road,1,26
193,194.0,35.0,1245.0,Yes,2021-06-14,Manchester,Road,2,14
194,195.0,47.0,1980.0,Yes,2021-03-20,Manchester,Moutain,1,20
195,196.0,43.0,1881.0,Yes,2021-10-18,York,Moutain,4,18
196,197.0,49.0,1691.0,No,2021-11-05,York,Moutain,4,5
197,198.0,37.0,535.0,No,2021-08-18,York,Moutain,3,18
198,199.0,25.0,816.0,No,2021-09-06,York,Gravel,3,6
199,200.0,30.0,999.0,No,2021-10-07,York,Gravel,4,7
200,201.0,34.0,1255.0,Yes,2021-01-26,London,Road,1,26
201,202.0,41.0,1998.0,Yes,2021-04-06,London,Road,2,6
202,203.0,37.0,1610.0,Yes,2021-08-14,London,Road,3,14
203,204.0,25.0,1438.0,No,2021-05-19,London,Road,2,19
204,205.0,27.0,1203.0,No,2021-04-24,Leeds,Moutain,2,24
205,206.0,29.0,1626.0,No,2021-04-05,Birmingham,Moutain,2,5
206,207.0,32.0,1833.0,No,2021-07-29,Leeds,Moutain,3,29
207,208.0,46.0,1133.0,Yes,2021-05-18,Birmingham,Moutain,2,18
208,209.0,30.0,1113.0,Yes,2021-02-04,Manchester,Gravel,1,4
209,210.0,34.0,1544.0,Yes,2021-02-02,Manchester,Gravel,1,2
210,211.0,41.0,787.0,No,2021-04-19,York,Road,2,19
211,212.0,38.0,641.0,No,2021-11-30,York,Road,4,30
212,213.0,30.0,596.0,No,2021-02-21,York,Road,1,21
213,214.0,49.0,645.0,No,2021-06-07,York,Road,2,7
214,215.0,50.0,1906.0,Yes,2021-05-14,York,Moutain,2,14
215,216.0,33.0,1923.0,Yes,2021-05-13,London,Moutain,2,13
216,217.0,44.0,607.0,Yes,2021-10-04,London,Moutain,4,4
217,218.0,36.0,1773.0,No,2021-02-26,London,Moutain,1,26
218,219.0,34.0,936.0,No,2021-04-02,London,Gravel,2,2
219,220.0,33.0,1399.0,No,2021-04-04,Leeds,Gravel,2,4
220,221.0,48.0,433.0,No,2021-09-18,York,Road,3,18
221,222.0,29.0,1415.0,Yes,2021-06-13,York,Road,2,13
222,223.0,30.0,1327.0,Yes,2021-06-26,York,Road,2,26
223,224.0,35.0,1105.0,Yes,2021-04-15,York,Road,2,15
224,225.0,39.0,1496.0,No,2021-05-30,York,Moutain,2,30
225,226.0,35.0,1949.0,No,2021-07-09,London,Moutain,3,9
226,227.0,43.0,910.0,No,2021-03-10,London,Moutain,1,10
227,228.0,36.0,1317.0,No,2021-08-27,London,Moutain,3,27
228,229.0,27.0,646.0,Yes,2021-01-16,London,Gravel,1,16
229,230.0,27.0,419.0,Yes,2021-10-29,Leeds,Gravel,4,29
230,231.0,25.0,1593.0,Yes,2021-03-21,Birmingham,Road,1,21
231,232.0,37.0,889.0,No,2021-05-04,Leeds,Road,2,4
232,233.0,29.0,877.0,No,2021-10-23,Birmingham,Road,4,23
233,234.0,46.0,1073.0,No,2021-04-01,Manchester,Road,2,1
234,235.0,35.0,1360.0,No,2021-08-02,Manchester,Moutain,3,2
235,236.0,40.0,1482.0,Yes,2021-09-12,York,Moutain,3,12
236,237.0,40.0,545.0,Yes,2021-10-16,York,Moutain,4,16
237,238.0,34.0,1644.0,Yes,2021-06-20,York,Moutain,2,20
238,239.0,34.0,1899.0,No,2021-11-28,York,Gravel,4,28
239,240.0,36.0,1108.0,No,2021-02-19,York,Gravel,1,19
240,241.0,37.0,1024.0,No,2021-11-22,London,Road,4,22
241,242.0,28.0,1404.0,No,2021-04-11,London,Road,2,11
242,243.0,29.0,1549.0,Yes,2021-02-26,London,Road,1,26
243,244.0,36.0,1189.0,Yes,2021-04-15,London,Road,2,15
244,245.0,42.0,1076.0,Yes,2021-10-05,Leeds,Moutain,4,5
245,246.0,43.0,976.0,No,2021-11-15,Birmingham,Moutain,4,15
246,247.0,31.0,1284.0,No,2021-03-01,Leeds,Moutain,1,1
247,248.0,48.0,532.0,No,2021-04-19,Birmingham,Moutain,2,19
248,249.0,25.0,1070.0,No,2021-02-13,Manchester,Gravel,1,13
249,250.0,38.0,1132.0,Yes,2021-01-08,Manchester,Gravel,1,8
250,251.0,33.0,633.0,Yes,2021-09-18,York,Road,3,18
251,252.0,40.0,1237.0,Yes,2021-11-12,York,Road,4,12
252,253.0,31.0,533.0,No,2021-06-09,York,Road,2,9
253,254.0,32.0,1758.0,No,2021-09-03,York,Road,3,3
254,255.0,33.0,843.0,No,2021-10-03,York,Moutain,4,3
255,256.0,48.0,736.0,No,2021-08-30,London,Moutain,3,30
256,257.0,49.0,1755.0,Yes,2021-01-26,London,Moutain,1,26
257,258.0,42.0,1014.0,Yes,2021-10-14,London,Moutain,4,14
258,259.0,35.0,995.0,Yes,2021-09-11,London,Gravel,3,11
259,260.0,41.0,572.0,No,2021-09-28,Leeds,Gravel,3,28
260,261.0,31.0,537.0,No,2021-06-27,Birmingham,Road,2,27
261,262.0,47.0,1493.0,No,2021-07-03,Leeds,Road,3,3
262,263.0,25.0,1979.0,No,2021-06-23,Birmingham,Road,2,23
263,264.0,45.0,525.0,Yes,2021-04-22,Manchester,Road,2,22
264,265.0,25.0,1620.0,Yes,2021-01-30,Manchester,Moutain,1,30
265,266.0,45.0,1761.0,Yes,2021-04-10,York,Moutain,2,10
266,267.0,29.0,1628.0,No,2021-04-15,York,Moutain,2,15
267,268.0,35.0,1490.0,No,2021-09-26,York,Moutain,3,26
268,269.0,34.0,656.0,No,2021-06-16,York,Gravel,2,16
269,270.0,25.0,1721.0,No,2021-02-15,York,Gravel,1,15
270,271.0,50.0,1526.0,Yes,2021-03-24,London,Road,1,24
271,272.0,32.0,913.0,Yes,2021-09-07,London,Road,3,7
272,273.0,26.0,1472.0,Yes,2021-05-26,London,Road,2,26
273,274.0,26.0,979.0,No,2021-04-02,London,Road,2,2
274,275.0,43.0,1587.0,No,2021-07-27,Leeds,Moutain,3,27
275,276.0,47.0,1794.0,No,2021-11-08,York,Moutain,4,8
276,277.0,40.0,1697.0,No,2021-10-26,York,Moutain,4,26
277,278.0,48.0,1833.0,Yes,2021-04-03,York,Moutain,2,3
278,279.0,35.0,520.0,Yes,2021-06-03,York,Gravel,2,3
279,280.0,33.0,659.0,Yes,2021-06-29,York,Gravel,2,29
280,281.0,44.0,1888.0,No,2021-07-28,London,Road,3,28
281,282.0,43.0,1677.0,No,2021-10-09,London,Road,4,9
282,283.0,48.0,1486.0,No,2021-09-18,London,Road,3,18
283,284.0,40.0,1913.0,No,2021-03-04,London,Road,1,4
284,285.0,37.0,839.0,Yes,2021-08-23,Leeds,Moutain,3,23
285,286.0,45.0,1652.0,Yes,2021-02-15,Birmingham,Moutain,1,15
286,287.0,46.0,1833.0,Yes,2021-06-29,Leeds,Moutain,2,29
287,288.0,29.0,765.0,No,2021-06-11,Birmingham,Moutain,2,11
288,289.0,33.0,990.0,No,2021-03-25,Manchester,Gravel,1,25
289,290.0,37.0,1116.0,No,2021-01-16,Manchester,Gravel,1,16
290,291.0,34.0,657.0,No,2021-11-22,York,Road,4,22
291,292.0,36.0,567.0,Yes,2021-08-04,York,Road,3,4
292,293.0,42.0,1839.0,Yes,2021-10-06,York,Road,4,6
293,294.0,33.0,770.0,Yes,2021-06-09,York,Road,2,9
294,295.0,45.0,649.0,No,2021-06-05,York,Moutain,2,5
295,296.0,34.0,1120.0,No,2021-03-27,London,Moutain,1,27
296,297.0,49.0,1266.0,No,2021-02-12,London,Moutain,1,12
297,298.0,41.0,828.0,No,2021-03-08,London,Moutain,1,8
298,299.0,35.0,1968.0,Yes,2021-06-06,London,Gravel,2,6
299,300.0,49.0,602.0,Yes,2021-09-26,Leeds,Gravel,3,26
300,301.0,33.0,1076.0,Yes,2021-10-12,Birmingham,Road,4,12
301,302.0,48.0,1840.0,No,2021-06-29,Leeds,Road,2,29
302,303.0,39.0,620.0,No,2021-02-24,Birmingham,Road,1,24
303,304.0,40.0,1305.0,No,2021-10-08,Manchester,Road,4,8
304,305.0,50.0,655.0,No,2021-03-13,Manchester,Moutain,1,13
305,306.0,29.0,1785.0,Yes,2021-06-02,York,Moutain,2,2
306,307.0,43.0,1086.0,Yes,2021-11-10,York,Moutain,4,10
307,308.0,26.0,1769.0,Yes,2021-03-20,York,Moutain,1,20
308,309.0,33.0,1468.0,No,2021-11-04,York,Gravel,4,4
309,310.0,35.0,1020.0,No,2021-04-12,York,Gravel,2,12
310,311.0,29.0,453.0,No,2021-04-18,London,Road,2,18
311,312.0,50.0,1560.0,No,2021-10-29,London,Road,4,29
312,313.0,39.0,680.0,Yes,2021-02-28,London,Road,1,28
313,314.0,38.0,1520.0,Yes,2021-05-12,London,Road,2,12
314,315.0,38.0,1010.0,Yes,2021-05-15,Leeds,Moutain,2,15
315,316.0,33.0,460.0,No,2021-02-02,Birmingham,Moutain,1,2
316,317.0,41.0,631.0,No,2021-07-07,Leeds,Moutain,3,7
317,318.0,40.0,1581.0,No,2021-04-23,Birmingham,Moutain,2,23
318,319.0,40.0,1370.0,No,2021-04-14,Manchester,Gravel,2,14
319,320.0,35.0,1499.0,Yes,2021-03-10,Manchester,Gravel,1,10
320,321.0,26.0,446.0,Yes,2021-09-08,York,Road,3,8
321,322.0,28.0,417.0,Yes,2021-10-27,York,Road,4,27
322,323.0,50.0,1452.0,No,2021-05-31,York,Road,2,31
323,324.0,40.0,416.0,No,2021-03-05,York,Road,1,5
324,325.0,50.0,508.0,No,2021-03-06,York,Moutain,1,6
325,326.0,47.0,1863.0,No,2021-11-15,London,Moutain,4,15
326,327.0,40.0,1018.0,Yes,2021-08-12,London,Moutain,3,12
327,328.0,37.0,583.0,Yes,2021-08-14,London,Moutain,3,14
328,329.0,38.0,1288.0,Yes,2021-09-11,London,Gravel,3,11
329,330.0,35.0,1945.0,No,2021-08-19,Leeds,Gravel,3,19
330,331.0,26.0,673.0,No,2021-12-02,York,Road,4,2
331,332.0,50.0,1566.0,No,2021-07-30,York,Road,3,30
332,333.0,47.0,841.0,No,2021-05-06,York,Road,2,6
333,334.0,33.0,1595.0,Yes,2021-03-05,York,Road,1,5
334,335.0,31.0,1837.0,Yes,2021-03-07,York,Moutain,1,7
335,336.0,40.0,1153.0,Yes,2021-03-21,London,Moutain,1,21
336,337.0,47.0,477.0,No,2021-07-19,London,Moutain,3,19
337,338.0,41.0,1248.0,No,2021-12-04,London,Moutain,4,4
338,339.0,46.0,984.0,No,2021-09-17,London,Gravel,3,17
339,340.0,33.0,1444.0,No,2021-06-07,Leeds,Gravel,2,7
340,341.0,40.0,1309.0,Yes,2021-03-03,Birmingham,Road,1,3
341,342.0,31.0,1769.0,Yes,2021-02-17,Leeds,Road,1,17
342,343.0,33.0,1081.0,Yes,2021-09-01,Birmingham,Road,3,1
343,344.0,34.0,413.0,No,2021-04-18,Manchester,Road,2,18
344,345.0,35.0,1985.0,No,2021-10-19,Manchester,Moutain,4,19
345,346.0,76.0,1304.0,No,2021-10-29,York,Moutain,4,29
346,347.0,46.0,1093.0,No,2021-03-29,York,Moutain,1,29
347,348.0,29.0,1952.0,Yes,2021-09-23,York,Moutain,3,23
348,349.0,37.0,1915.0,Yes,2021-08-17,York,Gravel,3,17
349,350.0,47.0,461.0,Yes,2021-03-06,York,Gravel,1,6
350,351.0,36.0,1702.0,No,2021-09-26,London,Road,3,26
351,352.0,40.0,981.0,No,2021-08-29,London,Road,3,29
352,353.0,47.0,1898.0,No,2021-01-12,London,Road,1,12
353,354.0,35.0,1428.0,No,2021-02-18,London,Road,1,18
354,355.0,45.0,1715.0,Yes,2021-02-02,Leeds,Moutain,1,2
355,356.0,44.0,1479.0,Yes,2021-07-13,Birmingham,Moutain,3,13
356,357.0,47.0,839.0,Yes,2021-04-05,Leeds,Moutain,2,5
357,358.0,39.0,1429.0,No,2021-11-03,Birmingham,Moutain,4,3
358,359.0,28.0,1682.0,No,2021-05-20,Manchester,Gravel,2,20
359,360.0,45.0,778.0,No,2021-04-04,Manchester,Gravel,2,4
360,361.0,38.0,498.0,No,2021-03-24,York,Road,1,24
361,362.0,25.0,536.0,Yes,2021-06-17,York,Road,2,17
362,363.0,43.0,1234.0,Yes,2021-10-10,York,Road,4,10
363,364.0,26.0,1983.0,Yes,2021-12-02,York,Road,4,2
364,365.0,44.0,1737.0,No,2021-10-24,York,Moutain,4,24
365,366.0,47.0,1040.0,No,2021-03-23,London,Moutain,1,23
366,367.0,28.0,1027.0,No,2021-04-13,London,Moutain,2,13
367,368.0,36.0,1490.0,No,2021-06-11,London,Moutain,2,11
368,369.0,30.0,1794.0,Yes,2021-08-26,London,Gravel,3,26
369,370.0,45.0,1566.0,Yes,2021-06-05,Leeds,Gravel,2,5
370,371.0,41.0,1427.0,Yes,2021-02-20,Birmingham,Road,1,20
371,372.0,27.0,1420.0,No,2021-11-13,Leeds,Road,4,13
372,373.0,28.0,897.0,No,2021-03-26,Birmingham,Road,1,26
373,374.0,32.0,778.0,No,2021-08-24,Manchester,Road,3,24
374,375.0,35.0,1615.0,No,2021-02-12,Manchester,Moutain,1,12
375,376.0,50.0,1177.0,Yes,2021-02-11,York,Moutain,1,11
376,377.0,25.0,1301.0,Yes,2021-08-04,York,Moutain,3,4
377,378.0,25.0,1848.0,Yes,2021-07-07,York,Moutain,3,7
378,379.0,27.0,1638.0,No,2021-06-17,York,Gravel,2,17
379,380.0,26.0,1134.0,No,2021-10-10,York,Gravel,4,10
380,381.0,43.0,1465.0,No,2021-03-20,London,Road,1,20
381,382.0,29.0,1298.0,No,2021-06-27,London,Road,2,27
382,383.0,43.0,701.0,Yes,2021-10-03,London,Road,4,3
383,384.0,50.0,646.0,Yes,2021-10-20,London,Road,4,20
384,385.0,42.0,1293.0,Yes,2021-05-29,Leeds,Moutain,2,29
385,386.0,35.0,644.0,No,2021-08-29,York,Moutain,3,29
386,387.0,27.0,1411.0,No,2021-04-03,York,Moutain,2,3
387,388.0,28.0,1810.0,No,2021-04-05,York,Moutain,2,5
388,389.0,46.0,1107.0,No,2021-05-04,York,Gravel,2,4
389,390.0,48.0,1226.0,Yes,2021-05-13,York,Gravel,2,13
390,391.0,27.0,1278.0,Yes,2021-08-12,London,Road,3,12
391,392.0,50.0,1968.0,Yes,2021-11-18,London,Road,4,18
392,393.0,38.0,1499.0,No,2021-08-05,London,Road,3,5
393,394.0,35.0,632.0,No,2021-06-21,London,Road,2,21
394,395.0,44.0,1180.0,No,2021-11-14,Leeds,Moutain,4,14
395,396.0,34.0,1565.0,No,2021-03-02,Birmingham,Moutain,1,2
396,397.0,36.0,1941.0,Yes,2021-10-15,Leeds,Moutain,4,15
397,398.0,46.0,1539.0,Yes,2021-09-11,Birmingham,Moutain,3,11
398,399.0,34.0,1695.0,Yes,2021-02-16,Manchester,Gravel,1,16
399,400.0,25.0,1562.0,No,2021-10-10,Manchester,Gravel,4,10
400,401.0,49.0,1262.0,No,2021-11-27,York,Road,4,27
401,402.0,44.0,951.0,No,2021-05-06,York,Road,2,6
402,403.0,25.0,1814.0,No,2021-07-10,York,Road,3,10
403,404.0,49.0,1817.0,Yes,2021-11-06,York,Road,4,6
404,405.0,43.0,1921.0,Yes,2021-07-31,York,Moutain,3,31
405,406.0,39.0,1877.0,Yes,2021-11-06,London,Moutain,4,6
406,407.0,47.0,528.0,No,2021-09-19,London,Moutain,3,19
407,408.0,42.0,1033.0,No,2021-06-15,London,Moutain,2,15
408,409.0,47.0,1145.0,No,2021-07-10,London,Gravel,3,10
409,410.0,34.0,1803.0,No,2021-08-06,Leeds,Gravel,3,6
410,411.0,36.0,616.0,Yes,2021-02-03,Birmingham,Road,1,3
411,412.0,49.0,893.0,Yes,2021-09-22,Leeds,Road,3,22
412,413.0,25.0,478.0,Yes,2021-11-01,Birmingham,Road,4,1
413,414.0,43.0,827.0,No,2021-06-08,Manchester,Road,2,8
414,415.0,27.0,1513.0,No,2021-06-12,Manchester,Moutain,2,12
415,416.0,37.0,1365.0,No,2021-05-06,York,Moutain,2,6
416,417.0,46.0,1610.0,No,2021-03-13,York,Moutain,1,13
417,418.0,40.0,606.0,Yes,2021-03-01,York,Moutain,1,1
418,419.0,41.0,588.0,Yes,2021-02-21,York,Gravel,1,21
419,420.0,25.0,1807.0,Yes,2021-02-08,York,Gravel,1,8
420,421.0,36.0,1621.0,No,2021-05-11,London,Road,2,11
421,422.0,37.0,959.0,No,2021-03-31,London,Road,1,31
422,423.0,44.0,1730.0,No,2021-07-05,London,Road,3,5
423,424.0,44.0,465.0,No,2021-07-31,London,Road,3,31
424,425.0,50.0,1133.0,Yes,2021-10-07,Leeds,Moutain,4,7
425,426.0,47.0,1315.0,Yes,2021-05-14,Birmingham,Moutain,2,14
426,427.0,50.0,1738.0,Yes,2021-10-05,Leeds,Moutain,4,5
427,428.0,45.0,1378.0,No,2021-06-11,Birmingham,Moutain,2,11
428,429.0,34.0,879.0,No,2021-06-14,Manchester,Gravel,2,14
429,430.0,39.0,1816.0,No,2021-11-29,Manchester,Gravel,4,29
430,431.0,37.0,643.0,No,2021-05-14,York,Road,2,14
431,432.0,32.0,1279.0,Yes,2021-04-13,York,Road,2,13
432,433.0,31.0,991.0,Yes,2021-02-03,York,Road,1,3
433,434.0,26.0,884.0,Yes,2021-07-21,York,Road,3,21
434,435.0,34.0,850.0,No,2021-07-15,York,Moutain,3,15
435,436.0,25.0,1524.0,No,2021-04-27,London,Moutain,2,27
436,437.0,30.0,1723.0,No,2021-06-04,London,Moutain,2,4
437,438.0,35.0,858.0,No,2021-10-23,London,Moutain,4,23
438,439.0,31.0,405.0,Yes,2021-06-20,London,Gravel,2,20
439,440.0,31.0,839.0,Yes,2021-02-13,Leeds,Gravel,1,13
440,441.0,26.0,1500.0,Yes,2021-11-02,York,Road,4,2
441,442.0,35.0,1697.0,No,2021-05-15,York,Road,2,15
442,443.0,45.0,518.0,No,2021-03-16,York,Road,1,16
443,444.0,39.0,1893.0,No,2021-03-04,York,Road,1,4
444,445.0,48.0,1422.0,No,2021-07-13,York,Moutain,3,13
445,446.0,29.0,1573.0,Yes,2021-09-11,London,Moutain,3,11
446,447.0,46.0,1409.0,Yes,2021-09-11,London,Moutain,3,11
447,448.0,41.0,1097.0,Yes,2021-11-07,London,Moutain,4,7
448,449.0,38.0,1704.0,No,2021-02-15,London,Gravel,1,15
449,450.0,32.0,1145.0,No,2021-06-30,Leeds,Gravel,2,30
450,451.0,40.0,1023.0,No,2021-02-26,Birmingham,Road,1,26
451,452.0,26.0,1864.0,No,2021-10-04,Leeds,Road,4,4
452,453.0,35.0,1574.0,Yes,2021-06-01,Birmingham,Road,2,1
453,454.0,45.0,731.0,Yes,2021-04-19,Manchester,Road,2,19
454,455.0,47.0,1895.0,Yes,2021-10-04,Manchester,Moutain,4,4
455,456.0,49.0,687.0,No,2021-08-16,York,Moutain,3,16
456,457.0,33.0,1731.0,No,2021-04-23,York,Moutain,2,23
457,458.0,39.0,771.0,No,2021-05-03,York,Moutain,2,3
458,459.0,33.0,1473.0,No,2021-02-14,York,Gravel,1,14
459,460.0,34.0,1499.0,Yes,2021-08-08,York,Gravel,3,8
460,461.0,36.0,874.0,Yes,2021-04-10,London,Road,2,10
461,462.0,40.0,406.0,Yes,2021-11-04,London,Road,4,4
462,463.0,34.0,822.0,No,2021-07-20,London,Road,3,20
463,464.0,43.0,463.0,No,2021-09-17,London,Road,3,17
464,465.0,38.0,594.0,No,2021-09-12,Leeds,Moutain,3,12
465,466.0,36.0,559.0,No,2021-06-26,Birmingham,Moutain,2,26
466,467.0,30.0,1397.0,Yes,2021-08-07,Leeds,Moutain,3,7
467,468.0,41.0,651.0,Yes,2021-09-28,Birmingham,Moutain,3,28
468,469.0,33.0,1357.0,Yes,2021-05-16,Manchester,Gravel,2,16
469,470.0,27.0,744.0,No,2021-10-22,Manchester,Gravel,4,22
470,471.0,46.0,1595.0,No,2021-01-31,York,Road,1,31
471,472.0,31.0,1180.0,No,2021-11-15,York,Road,4,15
472,473.0,30.0,1459.0,No,2021-04-05,York,Road,2,5
473,474.0,38.0,1588.0,Yes,2021-09-08,York,Road,3,8
474,475.0,37.0,401.0,Yes,2021-02-23,York,Moutain,1,23
475,476.0,32.0,1830.0,Yes,2021-08-05,London,Moutain,3,5
476,477.0,28.0,1685.0,No,2021-08-08,London,Moutain,3,8
477,478.0,39.0,1494.0,No,2021-06-27,London,Moutain,2,27
478,479.0,47.0,1434.0,No,2021-05-13,London,Gravel,2,13
479,480.0,45.0,542.0,No,2021-11-08,Leeds,Gravel,4,8
480,481.0,38.0,1158.0,Yes,2021-10-11,Birmingham,Road,4,11
481,482.0,47.0,1835.0,Yes,2021-01-23,Leeds,Road,1,23
482,483.0,48.0,1474.0,Yes,2021-10-30,Birmingham,Road,4,30
483,484.0,31.0,1619.0,No,2021-11-08,Manchester,Road,4,8
484,485.0,35.0,693.0,No,2021-06-30,Manchester,Moutain,2,30
485,486.0,41.0,1892.0,No,2021-06-17,York,Moutain,2,17
486,487.0,46.0,820.0,No,2021-10-13,York,Moutain,4,13
487,488.0,25.0,1599.0,Yes,2021-03-17,York,Moutain,1,17
488,489.0,44.0,1567.0,Yes,2021-06-24,York,Gravel,2,24
489,490.0,41.0,1944.0,Yes,2021-03-06,York,Gravel,1,6
490,491.0,28.0,1147.0,No,2021-05-25,London,Road,2,25
491,492.0,42.0,1859.0,No,2021-11-23,London,Road,4,23
492,493.0,31.0,794.0,No,2021-10-21,London,Road,4,21
493,494.0,27.0,1306.0,No,2021-12-07,London,Road,4,7
494,495.0,27.0,1784.0,Yes,2021-10-28,Leeds,Moutain,4,28
495,496.0,25.0,1302.0,Yes,2021-10-30,York,Moutain,4,30
496,497.0,44.0,437.0,Yes,2021-04-23,York,Moutain,2,23
497,498.0,33.0,940.0,No,2021-11-10,York,Moutain,4,10
498,499.0,30.0,921.0,No,2021-07-30,York,Gravel,3,30
499,500.0,31.0,1378.0,No,2021-01-12,York,Gravel,1,12
500,501.0,25.0,838.0,No,2021-06-11,London,Road,2,11
501,502.0,45.0,1428.0,Yes,2021-10-06,London,Road,4,6
502,503.0,32.0,652.0,Yes,2021-05-06,London,Road,2,6
503,504.0,48.0,1616.0,Yes,2021-07-01,London,Road,3,1
504,505.0,34.0,885.0,No,2021-09-15,Leeds,Moutain,3,15
505,506.0,31.0,1913.0,No,2021-08-02,Birmingham,Moutain,3,2
506,507.0,46.0,742.0,No,2021-03-12,Leeds,Moutain,1,12
507,508.0,34.0,1083.0,No,2021-06-17,Birmingham,Moutain,2,17
508,509.0,26.0,1628.0,Yes,2021-03-14,Manchester,Gravel,1,14
509,510.0,32.0,1234.0,Yes,2021-03-08,Manchester,Gravel,1,8
510,511.0,43.0,1656.0,Yes,2021-09-14,York,Road,3,14
511,512.0,33.0,786.0,No,2021-11-12,York,Road,4,12
512,513.0,50.0,1931.0,No,2021-04-30,York,Road,2,30
513,514.0,49.0,1238.0,No,2021-08-23,York,Road,3,23
514,515.0,41.0,927.0,No,2021-04-02,York,Moutain,2,2
515,516.0,43.0,804.0,Yes,2021-06-25,London,Moutain,2,25
516,517.0,44.0,889.0,Yes,2021-06-11,London,Moutain,2,11
517,518.0,38.0,1489.0,Yes,2021-05-03,London,Moutain,2,3
518,519.0,29.0,989.0,No,2021-07-28,London,Gravel,3,28
519,520.0,40.0,767.0,No,2021-03-13,Leeds,Gravel,1,13
520,521.0,41.0,1301.0,No,2021-04-04,Birmingham,Road,2,4
521,522.0,27.0,574.0,No,2021-06-16,Leeds,Road,2,16
522,523.0,33.0,563.0,Yes,2021-07-11,Birmingham,Road,3,11
523,524.0,44.0,1497.0,Yes,2021-10-15,Manchester,Road,4,15
524,525.0,25.0,903.0,Yes,2021-12-09,Manchester,Moutain,4,9
525,526.0,48.0,417.0,No,2021-05-30,York,Moutain,2,30
526,527.0,29.0,1327.0,No,2021-04-26,York,Moutain,2,26
527,528.0,28.0,1195.0,No,2021-08-07,York,Moutain,3,7
528,529.0,26.0,1687.0,No,2021-05-08,York,Gravel,2,8
529,530.0,49.0,805.0,Yes,2021-05-30,York,Gravel,2,30
530,531.0,29.0,1146.0,Yes,2021-04-15,London,Road,2,15
531,532.0,37.0,803.0,Yes,2021-07-05,London,Road,3,5
532,533.0,40.0,785.0,No,2021-02-20,London,Road,1,20
533,534.0,38.0,524.0,No,2021-10-19,London,Road,4,19
534,535.0,48.0,1599.0,No,2021-07-12,Leeds,Moutain,3,12
535,536.0,38.0,1532.0,No,2021-03-14,Birmingham,Moutain,1,14
536,537.0,37.0,453.0,Yes,2021-10-22,Leeds,Moutain,4,22
537,538.0,30.0,1137.0,Yes,2021-04-14,Birmingham,Moutain,2,14
538,539.0,31.0,1884.0,Yes,2021-11-23,Manchester,Gravel,4,23
539,540.0,35.0,1966.0,No,2021-03-17,Manchester,Gravel,1,17
540,541.0,39.0,1430.0,No,2021-11-19,York,Road,4,19
541,542.0,42.0,1772.0,No,2021-07-28,York,Road,3,28
542,543.0,50.0,1219.0,No,2021-05-08,York,Road,2,8
543,544.0,32.0,955.0,Yes,2021-09-12,York,Road,3,12
544,545.0,43.0,410.0,Yes,2021-06-09,York,Moutain,2,9
545,546.0,28.0,961.0,Yes,2021-04-27,London,Moutain,2,27
546,547.0,82.0,1854.0,No,2021-07-02,London,Moutain,3,2
547,548.0,31.0,1697.0,No,2021-07-07,London,Moutain,3,7
548,549.0,40.0,1507.0,No,2021-02-25,London,Gravel,1,25
549,550.0,33.0,1119.0,No,2021-10-05,Leeds,Gravel,4,5
550,551.0,28.0,1972.0,Yes,2021-02-12,York,Road,1,12
551,552.0,39.0,1609.0,Yes,2021-01-25,York,Road,1,25
552,553.0,41.0,836.0,Yes,2021-07-13,York,Road,3,13
553,554.0,35.0,464.0,No,2021-04-21,York,Road,2,21
554,555.0,48.0,1820.0,No,2021-10-18,York,Moutain,4,18
555,556.0,28.0,1008.0,No,2021-07-30,London,Moutain,3,30
556,557.0,50.0,1312.0,No,2021-10-21,London,Moutain,4,21
557,558.0,31.0,809.0,Yes,2021-02-10,London,Moutain,1,10
558,559.0,50.0,1953.0,Yes,2021-01-24,London,Gravel,1,24
559,560.0,38.0,1605.0,Yes,2021-09-11,Leeds,Gravel,3,11
560,561.0,40.0,1562.0,No,2021-02-21,Birmingham,Road,1,21
561,562.0,29.0,798.0,No,2021-09-13,Leeds,Road,3,13
562,563.0,38.0,1699.0,No,2021-09-05,Birmingham,Road,3,5
563,564.0,40.0,1394.0,No,2021-05-25,Manchester,Road,2,25
564,565.0,50.0,879.0,Yes,2021-07-04,Manchester,Moutain,3,4
565,566.0,37.0,622.0,Yes,2021-04-03,York,Moutain,2,3
566,567.0,41.0,1568.0,Yes,2021-08-08,York,Moutain,3,8
567,568.0,25.0,990.0,No,2021-10-04,York,Moutain,4,4
568,569.0,27.0,1704.0,No,2021-03-09,York,Gravel,1,9
569,570.0,25.0,1406.0,No,2021-11-17,York,Gravel,4,17
570,571.0,29.0,888.0,No,2021-11-18,London,Road,4,18
571,572.0,25.0,1570.0,Yes,2021-06-07,London,Road,2,7
572,573.0,48.0,1146.0,Yes,2021-10-21,London,Road,4,21
573,574.0,39.0,472.0,Yes,2021-08-18,London,Road,3,18
574,575.0,45.0,1593.0,No,2021-03-09,Leeds,Moutain,1,9
575,576.0,34.0,662.0,No,2021-07-10,Birmingham,Moutain,3,10
576,577.0,38.0,1861.0,No,2021-11-22,Leeds,Moutain,4,22
577,578.0,40.0,1703.0,No,2021-09-10,Birmingham,Moutain,3,10
578,579.0,50.0,652.0,Yes,2021-03-28,Manchester,Gravel,1,28
579,580.0,36.0,1970.0,Yes,2021-05-27,Manchester,Gravel,2,27
580,581.0,27.0,974.0,Yes,2021-11-07,York,Road,4,7
581,582.0,33.0,1375.0,No,2021-04-07,York,Road,2,7
582,583.0,41.0,474.0,No,2021-10-29,York,Road,4,29
583,584.0,25.0,1442.0,No,2021-05-07,York,Road,2,7
584,585.0,25.0,965.0,No,2021-07-23,York,Moutain,3,23
585,586.0,46.0,1517.0,Yes,2021-10-10,London,Moutain,4,10
586,587.0,25.0,1355.0,Yes,2021-10-10,London,Moutain,4,10
587,588.0,31.0,1799.0,Yes,2021-07-12,London,Moutain,3,12
588,589.0,26.0,427.0,No,2021-05-17,London,Gravel,2,17
589,590.0,31.0,756.0,No,2021-09-02,Leeds,Gravel,3,2
590,591.0,40.0,1308.0,No,2021-05-23,Birmingham,Road,2,23
591,592.0,38.0,908.0,No,2021-07-11,Leeds,Road,3,11
592,593.0,33.0,1386.0,Yes,2021-10-11,Birmingham,Road,4,11
593,594.0,38.0,1083.0,Yes,2021-03-09,Manchester,Road,1,9
594,595.0,47.0,1762.0,Yes,2021-01-20,Manchester,Moutain,1,20
595,596.0,28.0,639.0,No,2021-07-06,York,Moutain,3,6
596,597.0,25.0,1509.0,No,2021-03-30,York,Moutain,1,30
597,598.0,46.0,532.0,No,2021-06-03,York,Moutain,2,3
598,599.0,45.0,1131.0,No,2021-01-28,York,Gravel,1,28
599,600.0,42.0,3946.0,Yes,2021-09-05,York,Gravel,3,5
600,601.0,25.0,1731.0,Yes,2021-06-04,London,Road,2,4
601,602.0,38.0,3480.0,Yes,2021-09-22,London,Road,3,22
602,603.0,44.0,2968.0,No,2021-03-02,London,Road,1,2
603,604.0,46.0,1554.0,No,2021-04-01,London,Road,2,1
604,605.0,31.0,1870.0,No,2021-07-18,Leeds,Moutain,3,18
605,606.0,30.0,3839.0,No,2021-09-25,York,Moutain,3,25
606,607.0,47.0,4542.0,Yes,2021-07-07,York,Moutain,3,7
607,608.0,44.0,2146.0,Yes,2021-05-22,York,Moutain,2,22
608,609.0,50.0,3189.0,Yes,2021-08-29,York,Gravel,3,29
609,610.0,35.0,2248.0,No,2021-04-11,York,Gravel,2,11
610,611.0,25.0,1256.0,No,2021-09-12,London,Road,3,12
611,612.0,49.0,4847.0,No,2021-07-22,London,Road,3,22
612,613.0,33.0,4128.0,No,2021-06-11,London,Road,2,11
613,614.0,35.0,2743.0,Yes,2021-07-27,London,Road,3,27
614,615.0,33.0,3978.0,Yes,2021-02-10,Leeds,Moutain,1,10
615,616.0,49.0,4844.0,Yes,2021-11-06,Birmingham,Moutain,4,6
616,617.0,27.0,4548.0,No,2021-10-26,Leeds,Moutain,4,26
617,618.0,41.0,1468.0,No,2021-06-11,Birmingham,Moutain,2,11
618,619.0,44.0,3008.0,No,2021-12-07,Manchester,Gravel,4,7
619,620.0,49.0,1314.0,No,2021-03-02,Manchester,Gravel,1,2
620,621.0,47.0,3504.0,Yes,2021-06-21,York,Road,2,21
621,622.0,35.0,2483.0,Yes,2021-02-05,York,Road,1,5
622,623.0,41.0,4604.0,Yes,2021-05-10,York,Road,2,10
623,624.0,29.0,4111.0,No,2021-11-08,York,Road,4,8
624,625.0,40.0,4582.0,No,2021-01-23,York,Moutain,1,23
625,626.0,29.0,1466.0,No,2021-11-19,London,Moutain,4,19
626,627.0,47.0,4315.0,No,2021-03-10,London,Moutain,1,10
627,628.0,42.0,3741.0,Yes,2021-08-25,London,Moutain,3,25
628,629.0,31.0,1550.0,Yes,2021-11-07,London,Gravel,4,7
629,630.0,33.0,2348.0,Yes,2021-06-29,Leeds,Gravel,2,29
630,631.0,46.0,2395.0,No,2021-08-30,Birmingham,Road,3,30
631,632.0,31.0,2150.0,No,2021-09-19,Leeds,Road,3,19
632,633.0,41.0,2102.0,No,2021-02-19,Birmingham,Road,1,19
633,634.0,32.0,4873.0,No,2021-11-23,Manchester,Road,4,23
634,635.0,37.0,3568.0,Yes,2021-03-04,Manchester,Moutain,1,4
635,636.0,39.0,2822.0,Yes,2021-05-05,York,Moutain,2,5
636,637.0,47.0,4454.0,Yes,2021-05-30,York,Moutain,2,30
637,638.0,37.0,2113.0,No,2021-11-18,York,Moutain,4,18
638,639.0,34.0,4398.0,No,2021-03-23,York,Gravel,1,23
639,640.0,46.0,3714.0,No,2021-11-06,York,Gravel,4,6
640,641.0,34.0,2559.0,No,2021-11-22,London,Road,4,22
641,642.0,38.0,3956.0,Yes,2021-05-25,London,Road,2,25
642,643.0,28.0,4538.0,Yes,2021-06-27,London,Road,2,27
643,644.0,50.0,1536.0,Yes,2021-08-09,London,Road,3,9
644,645.0,40.0,4713.0,No,2021-07-08,Leeds,Moutain,3,8
645,646.0,36.0,3565.0,No,2021-11-21,Birmingham,Moutain,4,21
646,647.0,30.0,3130.0,No,2021-04-11,Leeds,Moutain,2,11
647,648.0,42.0,4912.0,No,2021-12-07,Birmingham,Moutain,4,7
648,649.0,47.0,3299.0,Yes,2021-10-30,Manchester,Gravel,4,30
649,650.0,49.0,4845.0,Yes,2021-01-31,Manchester,Gravel,1,31
650,651.0,40.0,2597.0,Yes,2021-01-29,York,Road,1,29
651,652.0,32.0,2898.0,No,2021-01-05,York,Road,1,5
652,653.0,43.0,2461.0,No,2021-07-21,York,Road,3,21
653,654.0,29.0,1918.0,No,2021-04-29,York,Road,2,29
654,655.0,41.0,3129.0,No,2021-11-09,York,Moutain,4,9
655,656.0,29.0,4420.0,Yes,2021-01-13,London,Moutain,1,13
656,657.0,41.0,3450.0,Yes,2021-01-07,London,Moutain,1,7
657,658.0,39.0,2635.0,Yes,2021-05-08,London,Moutain,2,8
658,659.0,36.0,4086.0,No,2021-04-28,London,Gravel,2,28
659,660.0,29.0,1105.0,No,2021-07-15,Leeds,Gravel,3,15
660,661.0,50.0,4425.0,No,2021-07-17,York,Road,3,17
661,662.0,36.0,1122.0,No,2021-09-28,York,Road,3,28
662,663.0,34.0,1631.0,Yes,2021-04-12,York,Road,2,12
663,664.0,28.0,3062.0,Yes,2021-09-13,York,Road,3,13
664,665.0,29.0,4459.0,Yes,2021-10-10,York,Moutain,4,10
665,666.0,33.0,1396.0,No,2021-03-22,London,Moutain,1,22
666,667.0,25.0,4814.0,No,2021-06-01,London,Moutain,2,1
667,668.0,42.0,2078.0,No,2021-11-21,London,Moutain,4,21
668,669.0,28.0,2529.0,No,2021-07-21,London,Gravel,3,21
669,670.0,28.0,3056.0,Yes,2021-11-02,Leeds,Gravel,4,2
670,671.0,38.0,1399.0,Yes,2021-07-25,Birmingham,Road,3,25
671,672.0,36.0,1802.0,Yes,2021-04-11,Leeds,Road,2,11
672,673.0,43.0,3255.0,No,2021-04-06,Birmingham,Road,2,6
673,674.0,43.0,1060.0,No,2021-10-09,Manchester,Road,4,9
674,675.0,48.0,1703.0,No,2021-04-03,Manchester,Moutain,2,3
675,676.0,50.0,3384.0,No,2021-06-16,York,Moutain,2,16
676,677.0,28.0,2135.0,Yes,2021-05-19,York,Moutain,2,19
677,678.0,30.0,4621.0,Yes,2021-05-02,York,Moutain,2,2
678,679.0,26.0,1684.0,Yes,2021-11-28,York,Gravel,4,28
679,680.0,47.0,4113.0,No,2021-10-27,York,Gravel,4,27
680,681.0,29.0,4072.0,No,2021-08-24,London,Road,3,24
681,682.0,30.0,1208.0,No,2021-05-24,London,Road,2,24
682,683.0,26.0,3580.0,No,2021-05-29,London,Road,2,29
683,684.0,42.0,3558.0,Yes,2021-11-11,London,Road,4,11
684,685.0,25.0,1926.0,Yes,2021-02-22,Leeds,Moutain,1,22
685,686.0,35.0,4714.0,Yes,2021-05-13,Birmingham,Moutain,2,13
686,687.0,35.0,1334.0,No,2021-07-12,Leeds,Moutain,3,12
687,688.0,27.0,4736.0,No,2021-03-27,Birmingham,Moutain,1,27
688,689.0,29.0,2893.0,No,2021-07-26,Manchester,Gravel,3,26
689,690.0,48.0,3743.0,No,2021-07-10,Manchester,Gravel,3,10
690,691.0,27.0,3095.0,Yes,2021-03-20,York,Road,1,20
691,692.0,30.0,2810.0,Yes,2021-02-27,York,Road,1,27
692,693.0,32.0,3433.0,Yes,2021-09-10,York,Road,3,10
693,694.0,48.0,3102.0,No,2021-08-28,York,Road,3,28
694,695.0,34.0,4038.0,No,2021-07-16,York,Moutain,3,16
695,696.0,26.0,2844.0,No,2021-02-05,London,Moutain,1,5
696,697.0,33.0,2552.0,No,2021-05-08,London,Moutain,2,8
697,698.0,31.0,4453.0,Yes,2021-04-13,London,Moutain,2,13
698,699.0,39.0,3790.0,Yes,2021-09-26,London,Gravel,3,26
699,700.0,46.0,1127.0,Yes,2021-08-18,Leeds,Gravel,3,18
700,701.0,39.0,4191.0,No,2021-06-08,Birmingham,Road,2,8
701,702.0,42.0,1180.0,No,2021-07-09,Leeds,Road,3,9
702,703.0,46.0,3711.0,No,2021-04-29,Birmingham,Road,2,29
703,704.0,25.0,1581.0,No,2021-04-25,Manchester,Road,2,25
704,705.0,34.0,4463.0,Yes,2021-03-03,Manchester,Moutain,1,3
705,706.0,49.0,3469.0,Yes,2021-08-04,York,Moutain,3,4
706,707.0,35.0,4307.0,Yes,2021-07-21,York,Moutain,3,21
707,708.0,46.0,3765.0,No,2021-10-01,York,Moutain,4,1
708,709.0,45.0,4553.0,No,2021-02-02,York,Gravel,1,2
709,710.0,28.0,2619.0,No,2021-07-23,York,Gravel,3,23
710,711.0,36.0,4029.0,No,2021-04-18,London,Road,2,18
711,712.0,44.0,4000.0,Yes,2021-07-09,London,Road,3,9
712,713.0,45.0,2995.0,Yes,2021-10-20,London,Road,4,20
713,714.0,48.0,4607.0,Yes,2021-05-21,London,Road,2,21
714,715.0,31.0,1736.0,No,2021-07-09,Leeds,Moutain,3,9
715,716.0,30.0,4123.0,No,2021-08-30,York,Moutain,3,30
716,717.0,26.0,2130.0,No,2021-02-10,York,Moutain,1,10
717,718.0,28.0,3909.0,No,2021-04-25,York,Moutain,2,25
718,719.0,43.0,2087.0,Yes,2021-09-14,York,Gravel,3,14
719,720.0,48.0,3385.0,Yes,2021-09-14,York,Gravel,3,14
720,721.0,44.0,4491.0,Yes,2021-06-12,London,Road,2,12
721,722.0,33.0,1609.0,No,2021-02-16,London,Road,1,16
722,723.0,39.0,4105.0,No,2021-10-01,London,Road,4,1
723,724.0,43.0,2019.0,No,2021-04-19,London,Road,2,19
724,725.0,41.0,3881.0,No,2021-03-16,Leeds,Moutain,1,16
725,726.0,49.0,4794.0,Yes,2021-10-25,Birmingham,Moutain,4,25
726,727.0,46.0,2217.0,Yes,2021-04-29,Leeds,Moutain,2,29
727,728.0,46.0,1974.0,Yes,2021-07-22,Birmingham,Moutain,3,22
728,729.0,29.0,4924.0,No,2021-08-04,Manchester,Gravel,3,4
729,730.0,33.0,1267.0,No,2021-01-21,Manchester,Gravel,1,21
730,731.0,26.0,2002.0,No,2021-03-08,York,Road,1,8
731,732.0,28.0,3356.0,No,2021-07-11,York,Road,3,11
732,733.0,46.0,1833.0,Yes,2021-04-15,York,Road,2,15
733,734.0,25.0,4588.0,Yes,2021-08-11,York,Road,3,11
734,735.0,36.0,1930.0,Yes,2021-01-28,York,Moutain,1,28
735,736.0,38.0,4064.0,No,2021-02-18,London,Moutain,1,18
736,737.0,39.0,4189.0,No,2021-07-04,London,Moutain,3,4
737,738.0,49.0,1442.0,No,2021-09-03,London,Moutain,3,3
738,739.0,36.0,1353.0,No,2021-10-25,London,Gravel,4,25
739,740.0,47.0,3167.0,Yes,2021-11-01,Leeds,Gravel,4,1
740,741.0,32.0,2456.0,Yes,2021-03-21,Birmingham,Road,1,21
741,742.0,40.0,2391.0,Yes,2021-09-14,Leeds,Road,3,14
742,743.0,50.0,4013.0,No,2021-07-25,Birmingham,Road,3,25
743,744.0,35.0,1506.0,No,2021-08-18,Manchester,Road,3,18
744,745.0,50.0,3048.0,No,2021-03-17,Manchester,Moutain,1,17
745,746.0,31.0,1972.0,No,2021-06-08,York,Moutain,2,8
746,747.0,32.0,3329.0,Yes,2021-01-23,York,Moutain,1,23
747,748.0,27.0,2065.0,Yes,2021-11-06,York,Moutain,4,6
748,749.0,43.0,3666.0,Yes,2021-09-11,York,Gravel,3,11
749,750.0,39.0,3199.0,No,2021-04-30,York,Gravel,2,30
750,751.0,36.0,4750.0,No,2021-01-29,London,Road,1,29
751,752.0,43.0,1601.0,No,2021-01-10,London,Road,1,10
752,753.0,47.0,4705.0,No,2021-02-18,London,Road,1,18
753,754.0,45.0,2468.0,Yes,2021-06-26,London,Road,2,26
754,755.0,40.0,1394.0,Yes,2021-05-10,Leeds,Moutain,2,10
755,756.0,42.0,2074.0,Yes,2021-08-23,Birmingham,Moutain,3,23
756,757.0,38.0,1475.0,No,2021-08-22,Leeds,Moutain,3,22
757,758.0,36.0,3884.0,No,2021-07-28,Birmingham,Moutain,3,28
758,759.0,38.0,4303.0,No,2021-03-13,Manchester,Gravel,1,13
759,760.0,31.0,3371.0,No,2021-10-02,Manchester,Gravel,4,2
760,761.0,27.0,3021.0,Yes,2021-03-21,York,Road,1,21
761,762.0,26.0,1010.0,Yes,2021-06-10,York,Road,2,10
762,763.0,30.0,1503.0,Yes,2021-07-23,York,Road,3,23
763,764.0,26.0,3853.0,No,2021-08-15,York,Road,3,15
764,765.0,40.0,4281.0,No,2021-02-22,York,Moutain,1,22
765,766.0,49.0,1092.0,No,2021-09-29,London,Moutain,3,29
766,767.0,42.0,1217.0,No,2021-06-02,London,Moutain,2,2
767,768.0,45.0,4235.0,Yes,2021-07-23,London,Moutain,3,23
768,769.0,35.0,3380.0,Yes,2021-11-27,London,Gravel,4,27
769,770.0,50.0,3724.0,Yes,2021-08-05,Leeds,Gravel,3,5
770,771.0,30.0,3426.0,No,2021-04-14,York,Road,2,14
771,772.0,43.0,3314.0,No,2021-07-19,York,Road,3,19
772,773.0,88.0,4797.0,No,2021-12-03,York,Road,4,3
773,774.0,37.0,3014.0,No,2021-06-20,York,Road,2,20
774,775.0,39.0,1081.0,Yes,2021-08-28,York,Moutain,3,28
775,776.0,38.0,3067.0,Yes,2021-04-10,London,Moutain,2,10
776,777.0,32.0,2185.0,Yes,2021-06-21,London,Moutain,2,21
777,778.0,37.0,3247.0,No,2021-03-18,London,Moutain,1,18
778,779.0,33.0,1229.0,No,2021-08-18,London,Gravel,3,18
779,780.0,44.0,1626.0,No,2021-08-30,Leeds,Gravel,3,30
780,781.0,43.0,3619.0,No,2021-08-26,Birmingham,Road,3,26
781,782.0,38.0,3049.0,Yes,2021-08-30,Leeds,Road,3,30
782,783.0,40.0,1308.0,Yes,2021-02-18,Birmingham,Road,1,18
783,784.0,39.0,1650.0,Yes,2021-05-17,Manchester,Road,2,17
784,785.0,38.0,3001.0,No,2021-07-24,Manchester,Moutain,3,24
785,786.0,47.0,4099.0,No,2021-01-27,York,Moutain,1,27
786,787.0,33.0,4882.0,No,2021-06-24,York,Moutain,2,24
787,788.0,38.0,2614.0,No,2021-10-10,York,Moutain,4,10
788,789.0,34.0,2442.0,Yes,2021-02-23,York,Gravel,1,23
789,790.0,48.0,1366.0,Yes,2021-05-11,York,Gravel,2,11
790,791.0,48.0,2080.0,Yes,2021-10-19,London,Road,4,19
791,792.0,41.0,2515.0,No,2021-04-04,London,Road,2,4
792,793.0,36.0,3334.0,No,2021-10-07,London,Road,4,7
793,794.0,47.0,4929.0,No,2021-03-22,London,Road,1,22
794,795.0,27.0,1013.0,No,2021-06-25,Leeds,Moutain,2,25
795,796.0,50.0,3541.0,Yes,2021-08-19,Birmingham,Moutain,3,19
796,797.0,26.0,4911.0,Yes,2021-11-06,Leeds,Moutain,4,6
797,798.0,27.0,4348.0,Yes,2021-07-20,Birmingham,Moutain,3,20
798,799.0,48.0,1417.0,No,2021-06-29,Manchester,Gravel,2,29
799,800.0,33.0,1174.0,No,2021-07-06,Manchester,Gravel,3,6
800,801.0,25.0,2054.0,No,2021-06-25,York,Road,2,25
801,802.0,47.0,3656.0,No,2021-05-28,York,Road,2,28
802,803.0,43.0,2808.0,Yes,2021-12-10,York,Road,4,10
803,804.0,42.0,1291.0,Yes,2021-05-22,York,Road,2,22
804,805.0,40.0,3107.0,Yes,2021-05-20,York,Moutain,2,20
805,806.0,43.0,3931.0,No,2021-09-11,London,Moutain,3,11
806,807.0,28.0,4396.0,No,2021-06-28,London,Moutain,2,28
807,808.0,35.0,2743.0,No,2021-07-27,London,Moutain,3,27
808,809.0,37.0,1460.0,No,2021-09-27,London,Gravel,3,27
809,810.0,26.0,3509.0,Yes,2021-11-02,Leeds,Gravel,4,2
810,811.0,32.0,3039.0,Yes,2021-11-01,Birmingham,Road,4,1
811,812.0,39.0,3939.0,Yes,2021-06-30,Leeds,Road,2,30
812,813.0,28.0,3688.0,No,2021-02-19,Birmingham,Road,1,19
813,814.0,39.0,2831.0,No,2021-03-10,Manchester,Road,1,10
814,815.0,49.0,4499.0,No,2021-03-18,Manchester,Moutain,1,18
815,816.0,50.0,4960.0,No,2021-07-19,York,Moutain,3,19
816,817.0,28.0,1979.0,Yes,2021-04-24,York,Moutain,2,24
817,818.0,27.0,1943.0,Yes,2021-10-18,York,Moutain,4,18
818,819.0,35.0,4246.0,Yes,2021-09-06,York,Gravel,3,6
819,820.0,34.0,1701.0,No,2021-06-22,York,Gravel,2,22
820,821.0,49.0,3656.0,No,2021-10-10,London,Road,4,10
821,822.0,45.0,3668.0,No,2021-09-18,London,Road,3,18
822,823.0,41.0,3117.0,No,2021-09-05,London,Road,3,5
823,824.0,30.0,1580.0,Yes,2021-02-03,London,Road,1,3
824,825.0,49.0,3514.0,Yes,2021-04-25,Leeds,Moutain,2,25
825,826.0,33.0,4461.0,Yes,2021-03-03,York,Moutain,1,3
826,827.0,41.0,4049.0,No,2021-03-26,York,Moutain,1,26
827,828.0,25.0,3295.0,No,2021-10-04,York,Moutain,4,4
828,829.0,28.0,1777.0,No,2021-11-20,York,Gravel,4,20
829,830.0,27.0,3971.0,No,2021-11-28,York,Gravel,4,28
830,831.0,44.0,1185.0,Yes,2021-03-20,London,Road,1,20
831,832.0,50.0,4184.0,Yes,2021-09-18,London,Road,3,18
832,833.0,28.0,3423.0,Yes,2021-05-21,London,Road,2,21
833,834.0,36.0,1313.0,No,2021-11-05,London,Road,4,5
834,835.0,28.0,1608.0,No,2021-01-31,Leeds,Moutain,1,31
835,836.0,50.0,3673.0,No,2021-03-20,Birmingham,Moutain,1,20
836,837.0,47.0,3633.0,No,2021-05-23,Leeds,Moutain,2,23
837,838.0,34.0,3080.0,Yes,2021-03-11,Birmingham,Moutain,1,11
838,839.0,40.0,4959.0,Yes,2021-02-07,Manchester,Gravel,1,7
839,840.0,47.0,4349.0,Yes,2021-05-13,Manchester,Gravel,2,13
840,841.0,42.0,1152.0,No,2021-04-01,York,Road,2,1
841,842.0,37.0,1095.0,No,2021-04-16,York,Road,2,16
842,843.0,39.0,3221.0,No,2021-05-16,York,Road,2,16
843,844.0,36.0,1154.0,No,2021-03-03,York,Road,1,3
844,845.0,43.0,2314.0,Yes,2021-04-15,York,Moutain,2,15
845,846.0,34.0,2937.0,Yes,2021-06-02,London,Moutain,2,2
846,847.0,43.0,3928.0,Yes,2021-10-01,London,Moutain,4,1
847,848.0,30.0,2236.0,No,2021-08-24,London,Moutain,3,24
848,849.0,36.0,3494.0,No,2021-01-27,London,Gravel,1,27
849,850.0,26.0,3237.0,No,2021-05-06,Leeds,Gravel,2,6
850,851.0,43.0,1058.0,No,2021-02-20,Birmingham,Road,1,20
851,852.0,43.0,1950.0,Yes,2021-04-08,Leeds,Road,2,8
852,853.0,40.0,4762.0,Yes,2021-03-18,Birmingham,Road,1,18
853,854.0,26.0,4772.0,Yes,2021-08-18,Manchester,Road,3,18
854,855.0,48.0,2885.0,No,2021-05-29,Manchester,Moutain,2,29
855,856.0,49.0,3553.0,No,2021-11-20,York,Moutain,4,20
856,857.0,40.0,4498.0,No,2021-08-16,York,Moutain,3,16
857,858.0,50.0,3374.0,No,2021-04-25,York,Moutain,2,25
858,859.0,45.0,3048.0,Yes,2021-08-30,York,Gravel,3,30
859,860.0,45.0,2073.0,Yes,2021-01-28,York,Gravel,1,28
860,861.0,40.0,1738.0,Yes,2021-06-23,London,Road,2,23
861,862.0,26.0,3664.0,No,2021-03-05,London,Road,1,5
862,863.0,29.0,2114.0,No,2021-02-02,London,Road,1,2
863,864.0,26.0,2910.0,No,2021-07-23,London,Road,3,23
864,865.0,35.0,2015.0,No,2021-06-15,Leeds,Moutain,2,15
865,866.0,49.0,1622.0,Yes,2021-03-23,Birmingham,Moutain,1,23
866,867.0,47.0,3889.0,Yes,2021-09-27,Leeds,Moutain,3,27
867,868.0,27.0,4641.0,Yes,2021-09-02,Birmingham,Moutain,3,2
868,869.0,48.0,3451.0,No,2021-04-17,Manchester,Gravel,2,17
869,870.0,48.0,3020.0,No,2021-09-17,Manchester,Gravel,3,17
870,871.0,50.0,3741.0,No,2021-09-30,York,Road,3,30
871,872.0,25.0,3574.0,No,2021-07-21,York,Road,3,21
872,873.0,25.0,4889.0,Yes,2021-04-17,York,Road,2,17
873,874.0,50.0,3729.0,Yes,2021-06-21,York,Road,2,21
874,875.0,29.0,3217.0,Yes,2021-10-24,York,Moutain,4,24
875,876.0,33.0,2565.0,No,2021-01-31,London,Moutain,1,31
876,877.0,27.0,2804.0,No,2021-05-21,London,Moutain,2,21
877,878.0,29.0,2914.0,No,2021-01-20,London,Moutain,1,20
878,879.0,35.0,2204.0,No,2021-07-26,London,Gravel,3,26
879,880.0,26.0,3597.0,Yes,2021-10-31,Leeds,Gravel,4,31
880,881.0,50.0,4780.0,Yes,2021-04-02,York,Road,2,2
881,882.0,42.0,1129.0,Yes,2021-08-28,York,Road,3,28
882,883.0,32.0,4903.0,No,2021-03-28,York,Road,1,28
883,884.0,29.0,4647.0,No,2021-06-03,York,Road,2,3
884,885.0,25.0,4300.0,No,2021-06-05,York,Moutain,2,5
885,886.0,29.0,4341.0,No,2021-07-04,London,Moutain,3,4
886,887.0,34.0,4883.0,Yes,2021-11-01,London,Moutain,4,1
887,888.0,39.0,2358.0,Yes,2021-05-10,London,Moutain,2,10
888,889.0,47.0,2636.0,Yes,2021-06-07,London,Gravel,2,7
889,890.0,33.0,3879.0,No,2021-02-02,Leeds,Gravel,1,2
890,891.0,36.0,3491.0,No,2021-07-25,Birmingham,Road,3,25
891,892.0,42.0,3037.0,No,2021-06-04,Leeds,Road,2,4
892,893.0,42.0,4580.0,No,2021-08-09,Birmingham,Road,3,9
893,894.0,25.0,3346.0,Yes,2021-04-11,Manchester,Road,2,11
894,895.0,35.0,4856.0,Yes,2021-05-11,Manchester,Moutain,2,11
895,896.0,46.0,1473.0,Yes,2021-07-02,York,Moutain,3,2
896,897.0,42.0,3803.0,No,2021-06-22,York,Moutain,2,22
897,898.0,47.0,4489.0,No,2021-04-30,York,Moutain,2,30
898,899.0,27.0,3788.0,No,2021-03-08,York,Gravel,1,8
899,900.0,25.0,4115.0,No,2021-11-14,York,Gravel,4,14
900,901.0,31.0,2599.0,Yes,2021-10-31,London,Road,4,31
901,902.0,36.0,1053.0,Yes,2021-09-14,London,Road,3,14
902,903.0,43.0,3805.0,Yes,2021-06-29,London,Road,2,29
903,904.0,40.0,2111.0,No,2021-10-23,London,Road,4,23
904,905.0,33.0,3774.0,No,2021-04-06,Leeds,Moutain,2,6
905,906.0,44.0,2643.0,No,2021-05-30,Birmingham,Moutain,2,30
906,907.0,26.0,3580.0,No,2021-06-05,Leeds,Moutain,2,5
907,908.0,50.0,4735.0,Yes,2021-10-26,Birmingham,Moutain,4,26
908,909.0,46.0,1453.0,Yes,2021-07-07,Manchester,Gravel,3,7
909,910.0,39.0,3582.0,Yes,2021-04-29,Manchester,Gravel,2,29
910,911.0,32.0,3056.0,No,2021-07-07,York,Road,3,7
911,912.0,45.0,4695.0,No,2021-04-21,York,Road,2,21
912,913.0,35.0,2578.0,No,2021-08-05,York,Road,3,5
913,914.0,35.0,4814.0,No,2021-09-25,York,Road,3,25
914,915.0,36.0,1500.0,Yes,2021-05-04,York,Moutain,2,4
915,916.0,48.0,3875.0,Yes,2021-02-27,London,Moutain,1,27
916,917.0,31.0,3836.0,Yes,2021-09-19,London,Moutain,3,19
917,918.0,25.0,1848.0,No,2021-01-30,London,Moutain,1,30
918,919.0,25.0,4768.0,No,2021-08-16,London,Gravel,3,16
919,920.0,48.0,4989.0,No,2021-09-04,Leeds,Gravel,3,4
920,921.0,47.0,1816.0,No,2021-05-20,Birmingham,Road,2,20
921,922.0,28.0,4761.0,Yes,2021-06-11,Leeds,Road,2,11
922,923.0,31.0,4030.0,Yes,2021-06-01,Birmingham,Road,2,1
923,924.0,35.0,3679.0,Yes,2021-11-05,Manchester,Road,4,5
924,925.0,44.0,3139.0,No,2021-07-07,Manchester,Moutain,3,7
925,926.0,26.0,1271.0,No,2021-09-17,York,Moutain,3,17
926,927.0,38.0,1248.0,No,2021-05-21,York,Moutain,2,21
927,928.0,48.0,4587.0,No,2021-04-01,York,Moutain,2,1
928,929.0,27.0,2328.0,Yes,2021-10-10,York,Gravel,4,10
929,930.0,29.0,2922.0,Yes,2021-02-28,York,Gravel,1,28
930,931.0,40.0,1642.0,Yes,2021-04-08,London,Road,2,8
931,932.0,30.0,1879.0,No,2021-09-30,London,Road,3,30
932,933.0,50.0,4199.0,No,2021-04-16,London,Road,2,16
933,934.0,43.0,3353.0,No,2021-04-16,London,Road,2,16
934,935.0,37.0,2429.0,No,2021-09-08,Leeds,Moutain,3,8
935,936.0,26.0,1783.0,Yes,2021-01-11,York,Moutain,1,11
936,937.0,27.0,4511.0,Yes,2021-01-18,York,Moutain,1,18
937,938.0,34.0,2704.0,Yes,2021-04-07,York,Moutain,2,7
938,939.0,42.0,4093.0,No,2021-09-09,York,Gravel,3,9
939,940.0,27.0,1615.0,No,2021-04-21,York,Gravel,2,21
940,941.0,43.0,3676.0,No,2021-01-16,London,Road,1,16
941,942.0,37.0,1161.0,No,2021-11-11,London,Road,4,11
942,943.0,40.0,3462.0,Yes,2021-05-07,London,Road,2,7
943,944.0,35.0,4837.0,Yes,2021-11-12,London,Road,4,12
944,945.0,39.0,1262.0,Yes,2021-11-24,Leeds,Moutain,4,24
945,946.0,27.0,1648.0,No,2021-03-28,Birmingham,Moutain,1,28
946,947.0,27.0,4840.0,No,2021-10-26,Leeds,Moutain,4,26
947,948.0,43.0,4646.0,No,2021-08-11,Birmingham,Moutain,3,11
948,949.0,49.0,4080.0,No,2021-08-22,Manchester,Gravel,3,22
949,950.0,32.0,2698.0,Yes,2021-01-28,Manchester,Gravel,1,28
950,951.0,42.0,2472.0,Yes,2021-03-18,York,Road,1,18
951,952.0,33.0,1623.0,Yes,2021-04-08,York,Road,2,8
952,953.0,31.0,1589.0,No,2021-04-13,York,Road,2,13
953,954.0,44.0,3500.0,No,2021-11-27,York,Road,4,27
954,955.0,46.0,4613.0,No,2021-03-09,York,Moutain,1,9
955,956.0,38.0,1946.0,No,2021-03-01,London,Moutain,1,1
956,957.0,37.0,3434.0,Yes,2021-09-11,London,Moutain,3,11
957,958.0,32.0,4159.0,Yes,2021-09-17,London,Moutain,3,17
958,959.0,42.0,2441.0,Yes,2021-11-19,London,Gravel,4,19
959,960.0,34.0,3685.0,No,2021-09-15,Leeds,Gravel,3,15
960,961.0,33.0,2827.0,No,2021-04-27,Birmingham,Road,2,27
961,962.0,34.0,1162.0,No,2021-11-15,Leeds,Road,4,15
962,963.0,39.0,4120.0,No,2021-05-08,Birmingham,Road,2,8
963,964.0,40.0,3701.0,Yes,2021-01-19,Manchester,Road,1,19
964,965.0,39.0,2580.0,Yes,2021-01-24,Manchester,Moutain,1,24
965,966.0,48.0,3085.0,Yes,2021-05-16,York,Moutain,2,16
966,967.0,27.0,3235.0,No,2021-05-05,York,Moutain,2,5
967,968.0,46.0,2660.0,No,2021-07-12,York,Moutain,3,12
968,969.0,43.0,1526.0,No,2021-01-19,York,Gravel,1,19
969,970.0,29.0,4541.0,No,2021-03-28,York,Gravel,1,28
970,971.0,44.0,3898.0,Yes,2021-09-04,London,Road,3,4
971,972.0,42.0,2680.0,Yes,2021-01-14,London,Road,1,14
972,973.0,38.0,4122.0,Yes,2021-09-22,London,Road,3,22
973,974.0,37.0,1400.0,No,2021-03-14,London,Road,1,14
974,975.0,37.0,1773.0,No,2021-02-27,Leeds,Moutain,1,27
975,976.0,31.0,1115.0,No,2021-03-13,Birmingham,Moutain,1,13
976,977.0,32.0,4963.0,No,2021-03-04,Leeds,Moutain,1,4
977,978.0,48.0,3283.0,Yes,2021-09-08,Birmingham,Moutain,3,8
978,979.0,35.0,1295.0,Yes,2021-02-25,Manchester,Gravel,1,25
979,980.0,47.0,1017.0,Yes,2021-02-02,Manchester,Gravel,1,2
980,981.0,41.0,1013.0,No,2021-07-13,York,Road,3,13
981,982.0,29.0,4350.0,No,2021-07-17,York,Road,3,17
982,983.0,33.0,2337.0,No,2021-08-31,York,Road,3,31
983,984.0,45.0,3760.0,No,2021-09-23,York,Road,3,23
984,985.0,46.0,1291.0,Yes,2021-01-26,York,Moutain,1,26
985,986.0,30.0,2403.0,Yes,2021-05-20,London,Moutain,2,20
986,987.0,32.0,2606.0,Yes,2021-11-22,London,Moutain,4,22
987,988.0,36.0,2367.0,No,2021-08-18,London,Moutain,3,18
988,989.0,25.0,4785.0,No,2021-10-25,London,Gravel,4,25
989,990.0,37.0,1315.0,No,2021-09-16,Leeds,Gravel,3,16
990,991.0,35.0,3019.0,No,2021-03-23,York,Road,1,23
991,992.0,40.0,3050.0,Yes,2021-10-07,York,Road,4,7
992,993.0,38.0,2353.0,Yes,2021-09-25,York,Road,3,25
993,994.0,30.0,4800.0,Yes,2021-05-20,York,Road,2,20
994,995.0,28.0,4337.0,No,2021-02-17,York,Moutain,1,17
995,996.0,42.0,3460.0,No,2021-09-03,London,Moutain,3,3
996,997.0,48.0,3409.0,No,2021-01-17,London,Moutain,1,17
997,998.0,81.0,2534.0,No,2021-03-26,London,Moutain,1,26
998,999.0,37.0,4312.0,Yes,2021-05-25,London,Gravel,2,25
999,1000.0,35.0,1200.0,Yes,2021-02-18,Leeds,Gravel,1,18
